epoch,time,train/box_loss,train/cls_loss,train/dfl_loss,metrics/precision(B),metrics/recall(B),metrics/mAP50(B),metrics/mAP50-95(B),val/box_loss,val/cls_loss,val/dfl_loss,lr/pg0,lr/pg1,lr/pg2
1,2.85913,5.7927,3.78955,2.85106,0,0,0,0,6.82193,4.15943,2.86622,0,0,0
2,6.58289,5.79532,3.84317,2.79627,0,0,0,0,6.87143,4.05725,2.98006,1.99802e-05,1.99802e-05,1.99802e-05
3,9.69423,5.93964,3.68172,2.64546,0,0,0,0,6.9375,3.92056,3.19701,3.99208e-05,3.99208e-05,3.99208e-05
4,12.7172,5.66215,3.62905,2.69312,0,0,0,0,7.00644,3.95102,3.27425,5.98218e-05,5.98218e-05,5.98218e-05
5,15.6563,5.28337,3.3223,2.28939,0,0,0,0,5.13442,3.49934,3.1435,7.96832e-05,7.96832e-05,7.96832e-05
6,18.4047,4.90326,3.14412,2.17674,0,0,0,0,1.87492,2.72309,1.56741,9.9505e-05,9.9505e-05,9.9505e-05
7,21.23,4.76926,2.86672,1.97821,0,0,0,0,0.43384,3.47387,0.57583,0.000119287,0.000119287,0.000119287
8,24.0262,4.43377,2.42826,1.78104,0,0,0,0,0.09272,2.75698,0.17923,0.00013903,0.00013903,0.00013903
9,26.6078,4.21196,2.47303,1.79784,0,0,0,0,0.00751,2.56107,0.0226,0.000158733,0.000158733,0.000158733
10,29.1567,4.16553,2.16283,1.68215,0,0,0,0,0.00075,1.73429,0.005,0.000178396,0.000178396,0.000178396
11,32.0995,3.98639,2.03905,1.69662,0,0,0,0,8e-05,1.41016,0.00069,0.00019802,0.00019802,0.00019802
12,35.165,4.03307,1.85142,1.56302,0,0,0,0,3e-05,0.28021,0.00025,0.000217604,0.000217604,0.000217604
13,38.2088,3.82895,1.65292,1.49441,0,0,0,0,4.61399,2.77669,1.12106,0.000237149,0.000237149,0.000237149
14,41.0137,3.93228,1.58313,1.46008,0.01493,0.0229,0.00818,0.00082,4.97748,2.04938,1.16428,0.000256654,0.000256654,0.000256654
15,44.104,3.28271,1.56204,1.44879,0.02575,0.0458,0.01409,0.00252,4.72703,1.978,1.15186,0.000276119,0.000276119,0.000276119
16,46.6115,3.65958,1.43613,1.40462,0.01145,0.0229,0.00587,0.00098,5.193,2.03933,1.16873,0.000295545,0.000295545,0.000295545
17,49.1554,2.9258,1.41135,1.47615,0.01145,0.0229,0.00587,0.00098,6.5169,2.86451,1.36263,0.000314931,0.000314931,0.000314931
18,51.4592,2.96628,1.32939,1.42124,0.01145,0.0229,0.00587,0.00098,6.5169,2.86451,1.36263,0.000334278,0.000334278,0.000334278
19,53.9834,3.1158,1.3978,1.46592,0.01145,0.0229,0.00587,0.00098,0.3326,510.238,0.08983,0.000353585,0.000353585,0.000353585
20,56.3331,3.18488,1.27039,1.44705,0.01145,0.0229,0.00587,0.00098,0.3326,510.238,0.08983,0.000372852,0.000372852,0.000372852
21,59.5722,3.41164,1.24278,1.34301,0.01145,0.0229,0.00587,0.00098,0.31586,1021.75,0.07347,0.00039208,0.00039208,0.00039208
22,62.2942,2.71403,1.35197,1.37108,0.01145,0.0229,0.00587,0.00098,0.31586,1021.75,0.07347,0.000411268,0.000411268,0.000411268
23,65.5062,3.19992,1.33187,1.30968,0.02447,0.0229,0.00762,0.00176,5.70061,221.774,1.61009,0.000430417,0.000430417,0.000430417
24,68.1874,2.92549,1.25837,1.29844,0.02447,0.0229,0.00762,0.00176,5.70061,221.774,1.61009,0.000449526,0.000449526,0.000449526
25,70.8117,3.30304,1.20277,1.29112,0.06452,0.07634,0.03696,0.00883,4.6795,25.4565,1.41665,0.000468595,0.000468595,0.000468595
26,73.2643,2.36582,1.20197,1.44391,0.06452,0.07634,0.03696,0.00883,4.6795,25.4565,1.41665,0.000487625,0.000487625,0.000487625
27,76.2185,2.97653,1.1199,1.29334,0.06452,0.07634,0.03696,0.00883,0,1.70821,0,0.000506615,0.000506615,0.000506615
28,78.6721,2.65424,1.12915,1.26217,0.06452,0.07634,0.03696,0.00883,0,1.70821,0,0.000525566,0.000525566,0.000525566
29,81.5071,3.10386,1.18797,1.31026,0.06452,0.07634,0.03696,0.00883,0.01955,70.2581,0.04669,0.000544477,0.000544477,0.000544477
30,84.0964,2.58364,1.13986,1.25927,0.06452,0.07634,0.03696,0.00883,0.01955,70.2581,0.04669,0.000563348,0.000563348,0.000563348
31,87.0659,2.51518,1.26812,1.2971,0.25392,0.19084,0.12243,0.03262,3.43631,2.79975,1.5743,0.00058218,0.00058218,0.00058218
32,90.1126,2.83039,1.21242,1.24856,0.25392,0.19084,0.12243,0.03262,3.43631,2.79975,1.5743,0.000600972,0.000600972,0.000600972
33,93.5071,2.45852,1.15886,1.26359,0.04167,0.05344,0.02228,0.00468,4.23327,15.8576,2.24278,0.000619725,0.000619725,0.000619725
34,96.6526,3.18005,1.095,1.19385,0.04167,0.05344,0.02228,0.00468,4.23327,15.8576,2.24278,0.000638438,0.000638438,0.000638438
35,99.689,2.56619,1.04978,1.18157,0.04167,0.05344,0.02228,0.00468,0,4807.11,0.00138,0.000657111,0.000657111,0.000657111
36,102.252,2.57387,1.12516,1.2071,0.04167,0.05344,0.02228,0.00468,0,4807.11,0.00138,0.000675745,0.000675745,0.000675745
37,105.344,2.47038,1.13547,1.20967,0.04167,0.05344,0.02228,0.00468,0.03655,41002.7,0.12449,0.000694339,0.000694339,0.000694339
38,107.878,2.0818,0.98084,1.14659,0.04167,0.05344,0.02228,0.00468,0.03655,41002.7,0.12449,0.000712894,0.000712894,0.000712894
39,110.496,2.41585,1.18609,1.2728,0.04167,0.05344,0.02228,0.00468,0.00346,68009.2,0.0155,0.000731409,0.000731409,0.000731409
40,112.991,2.59056,0.9893,1.12557,0.04167,0.05344,0.02228,0.00468,0.00346,68009.2,0.0155,0.000749884,0.000749884,0.000749884
41,115.774,2.44707,1.02685,1.12513,0.04167,0.05344,0.02228,0.00468,0.00015,4209.55,0.00068,0.00076832,0.00076832,0.00076832
42,118.762,2.28229,0.93629,1.13173,0.04167,0.05344,0.02228,0.00468,0.00015,4209.55,0.00068,0.000786716,0.000786716,0.000786716
43,122.262,3.08298,1.04997,1.17742,0.04167,0.05344,0.02228,0.00468,0,39907.9,0,0.000805073,0.000805073,0.000805073
44,124.847,2.91196,0.93355,1.08118,0.04167,0.05344,0.02228,0.00468,0,39907.9,0,0.00082339,0.00082339,0.00082339
45,127.39,2.09704,0.91372,1.07171,0.00444,0.00763,0.0023,0.00023,6.17709,22167.8,1253.21,0.000841667,0.000841667,0.000841667
46,130.365,2.52739,0.98499,1.10929,0.00444,0.00763,0.0023,0.00023,6.17709,22167.8,1253.21,0.000859905,0.000859905,0.000859905
47,133.815,2.47229,1.01076,1.10106,0.00444,0.00763,0.0023,0.00023,7.0711,89110.4,6034.46,0.000878103,0.000878103,0.000878103
48,136.997,2.19017,0.93878,1.1235,0.00444,0.00763,0.0023,0.00023,7.0711,89110.4,6034.46,0.000896262,0.000896262,0.000896262
49,140.368,2.37225,0.88811,1.06852,0.00444,0.00763,0.0023,0.00023,6e-05,4229.34,0.13898,0.000914381,0.000914381,0.000914381
50,143.34,2.04618,0.94983,1.09701,0.00444,0.00763,0.0023,0.00023,6e-05,4229.34,0.13898,0.00093246,0.00093246,0.00093246
51,147.056,2.38502,0.99105,1.14755,0.22222,0.07634,0.14043,0.04017,3.06182,7.17942,16.4435,0.0009505,0.0009505,0.0009505
52,150.122,2.39704,0.98163,1.10458,0.22222,0.07634,0.14043,0.04017,3.06182,7.17942,16.4435,0.0009685,0.0009685,0.0009685
53,152.906,2.22658,1.03744,1.15202,0.22222,0.07634,0.14043,0.04017,3.06182,7.17942,16.4435,0.000986461,0.000986461,0.000986461
54,155.745,2.12461,0.98912,1.14648,0.02,0.0458,0.01118,0.00295,4.13267,177.712,76.8744,0.00100438,0.00100438,0.00100438
55,158.661,2.23522,0.86301,1.03789,0.02,0.0458,0.01118,0.00295,4.13267,177.712,76.8744,0.00102226,0.00102226,0.00102226
56,162.095,2.14831,0.91835,1.07929,0.02,0.0458,0.01118,0.00295,4.13267,177.712,76.8744,0.0010401,0.0010401,0.0010401
57,164.938,2.1196,0.87631,1.01656,0.03109,0.0458,0.02077,0.00468,4.65913,437407,329.843,0.00105791,0.00105791,0.00105791
58,167.726,2.20673,0.87377,1.01082,0.03109,0.0458,0.02077,0.00468,4.65913,437407,329.843,0.00107567,0.00107567,0.00107567
59,170.442,2.53165,1.18802,1.29071,0.03109,0.0458,0.02077,0.00468,4.65913,437407,329.843,0.00109339,0.00109339,0.00109339
60,173.19,2.20213,0.85956,1.02582,0.03109,0.0458,0.02077,0.00468,6.67886,228480,1208.79,0.00111108,0.00111108,0.00111108
61,175.675,2.21031,1.10424,1.16736,0.03109,0.0458,0.02077,0.00468,6.67886,228480,1208.79,0.00112872,0.00112872,0.00112872
62,178.214,2.13088,0.8375,1.00391,0.03109,0.0458,0.02077,0.00468,6.67886,228480,1208.79,0.00114632,0.00114632,0.00114632
63,181.043,2.4213,0.87998,1.00478,0.03109,0.0458,0.02077,0.00468,0,198023,0,0.00116389,0.00116389,0.00116389
64,184.098,2.02565,0.88101,1.02997,0.03109,0.0458,0.02077,0.00468,0,198023,0,0.00118141,0.00118141,0.00118141
65,186.884,2.00739,0.91769,1.03531,0.03109,0.0458,0.02077,0.00468,0,198023,0,0.0011989,0.0011989,0.0011989
66,190.301,1.91291,0.95091,1.08503,0.03109,0.0458,0.02077,0.00468,0,3963.1,0,0.00121635,0.00121635,0.00121635
67,193.299,2.29149,0.92445,1.02513,0.03109,0.0458,0.02077,0.00468,0,3963.1,0,0.00123375,0.00123375,0.00123375
68,196.029,2.1418,0.94227,1.0661,0.03109,0.0458,0.02077,0.00468,0,3963.1,0,0.00125112,0.00125112,0.00125112
69,198.925,2.28155,0.96566,1.09566,0.03109,0.0458,0.02077,0.00468,0,40553.1,0,0.00126844,0.00126844,0.00126844
70,201.583,2.09372,0.91253,1.06966,0.03109,0.0458,0.02077,0.00468,0,40553.1,0,0.00128573,0.00128573,0.00128573
71,204.274,1.96829,0.85328,1.01268,0.03109,0.0458,0.02077,0.00468,0,40553.1,0,0.00130298,0.00130298,0.00130298
72,207.083,2.33197,0.86682,1.00621,0.03109,0.0458,0.02077,0.00468,2.02515,82598.5,19985.2,0.00132019,0.00132019,0.00132019
73,209.68,2.1647,1.06173,1.05517,0.03109,0.0458,0.02077,0.00468,2.02515,82598.5,19985.2,0.00133736,0.00133736,0.00133736
74,212.112,1.70281,0.82245,0.99636,0.03109,0.0458,0.02077,0.00468,2.02515,82598.5,19985.2,0.00135449,0.00135449,0.00135449
75,214.748,1.92156,0.88764,1.01616,0.03109,0.0458,0.02077,0.00468,5.18323,152580,18378.4,0.00137158,0.00137158,0.00137158
76,217.287,1.79211,0.85773,1.02242,0.03109,0.0458,0.02077,0.00468,5.18323,152580,18378.4,0.00138863,0.00138863,0.00138863
77,219.859,1.92302,0.82394,1.01708,0.03109,0.0458,0.02077,0.00468,5.18323,152580,18378.4,0.00140564,0.00140564,0.00140564
78,223.077,1.80971,0.83345,1.02211,0.03109,0.0458,0.02077,0.00468,0.05772,29374.6,197.576,0.00142261,0.00142261,0.00142261
79,225.784,1.80854,0.9022,1.02012,0.03109,0.0458,0.02077,0.00468,0.05772,29374.6,197.576,0.00143954,0.00143954,0.00143954
80,228.758,1.88734,0.9184,1.05604,0.03109,0.0458,0.02077,0.00468,0.05772,29374.6,197.576,0.00145643,0.00145643,0.00145643
81,231.689,2.04573,0.86884,1.0068,0.03109,0.0458,0.02077,0.00468,0.07862,981.411,0.1075,0.00147328,0.00147328,0.00147328
82,234.428,1.77952,0.91948,1.02557,0.03109,0.0458,0.02077,0.00468,0.07862,981.411,0.1075,0.00149009,0.00149009,0.00149009
83,236.907,1.83171,0.95199,1.01078,0.03109,0.0458,0.02077,0.00468,0.07862,981.411,0.1075,0.00150686,0.00150686,0.00150686
84,239.624,1.88633,0.91728,1.01416,0.03109,0.0458,0.02077,0.00468,0.79956,90.9129,6.17825,0.0015236,0.0015236,0.0015236
85,242.163,2.14151,0.86907,0.98566,0.03109,0.0458,0.02077,0.00468,0.79956,90.9129,6.17825,0.00154029,0.00154029,0.00154029
86,244.806,1.80858,0.93799,1.07001,0.03109,0.0458,0.02077,0.00468,0.79956,90.9129,6.17825,0.00155695,0.00155695,0.00155695
87,247.549,1.82004,0.91314,1.05422,0.03109,0.0458,0.02077,0.00468,0.79956,90.9129,6.17825,0.00157356,0.00157356,0.00157356
88,250.954,1.85545,0.86333,1.0015,0.03109,0.0458,0.02077,0.00468,0,0,0,0.00159013,0.00159013,0.00159013
89,253.596,1.95823,0.84654,0.9969,0.03109,0.0458,0.02077,0.00468,0,0,0,0.00160667,0.00160667,0.00160667
90,256.079,1.96193,0.83737,1.01068,0.03109,0.0458,0.02077,0.00468,0,0,0,0.00162316,0.00162316,0.00162316
91,260.05,1.99122,0.81235,0.99454,0.03109,0.0458,0.02077,0.00468,0,0,0,0.00163962,0.00163962,0.00163962
92,263.335,2.2599,0.88621,1.0199,0.03109,0.0458,0.02077,0.00468,3e-05,3e-05,9e-05,0.00165604,0.00165604,0.00165604
93,265.91,2.00177,0.91208,0.99537,0.03109,0.0458,0.02077,0.00468,3e-05,3e-05,9e-05,0.00167241,0.00167241,0.00167241
94,268.345,1.86373,0.98772,1.03258,0.03109,0.0458,0.02077,0.00468,3e-05,3e-05,9e-05,0.00168875,0.00168875,0.00168875
95,270.913,1.85344,0.82058,1.00593,0.03109,0.0458,0.02077,0.00468,3e-05,3e-05,9e-05,0.00170505,0.00170505,0.00170505
96,273.6,1.97711,1.10902,1.07921,0.03109,0.0458,0.02077,0.00468,5.29095,4.25888,2.69754,0.00172131,0.00172131,0.00172131
97,276.567,1.89329,0.93508,1.03321,0.03109,0.0458,0.02077,0.00468,5.29095,4.25888,2.69754,0.00173752,0.00173752,0.00173752
98,279.98,1.81066,0.84551,1.01056,0.03109,0.0458,0.02077,0.00468,5.29095,4.25888,2.69754,0.0017537,0.0017537,0.0017537
99,283.917,1.88299,1.06158,1.00868,0.03109,0.0458,0.02077,0.00468,5.29095,4.25888,2.69754,0.00176984,0.00176984,0.00176984
100,287.029,1.96703,0.96555,1.01165,0.22449,0.08397,0.12336,0.03825,3.80007,3.12194,1.9427,0.00178594,0.00178594,0.00178594
101,290.01,1.77775,0.89721,1.03292,0.22449,0.08397,0.12336,0.03825,3.80007,3.12194,1.9427,0.001802,0.001802,0.001802
102,292.813,1.88161,0.88563,1.03681,0.22449,0.08397,0.12336,0.03825,3.80007,3.12194,1.9427,0.00180002,0.00180002,0.00180002
103,295.405,1.7474,0.90368,1.01847,0.22449,0.08397,0.12336,0.03825,3.80007,3.12194,1.9427,0.00179804,0.00179804,0.00179804
104,298.218,1.9132,0.9334,1.048,0.23656,0.16794,0.14356,0.05068,3.68915,2.0017,2.0528,0.00179606,0.00179606,0.00179606
105,300.794,1.88409,0.95522,1.02058,0.23656,0.16794,0.14356,0.05068,3.68915,2.0017,2.0528,0.00179408,0.00179408,0.00179408
106,303.579,1.94913,0.98303,1.0445,0.23656,0.16794,0.14356,0.05068,3.68915,2.0017,2.0528,0.0017921,0.0017921,0.0017921
107,306.282,1.88673,0.92163,0.97829,0.23656,0.16794,0.14356,0.05068,3.68915,2.0017,2.0528,0.00179012,0.00179012,0.00179012
108,309.087,2.56936,0.974,1.01448,0.18905,0.19847,0.12842,0.04324,3.78723,1.77409,2.16575,0.00178814,0.00178814,0.00178814
109,311.566,1.93875,1.03567,1.11537,0.18905,0.19847,0.12842,0.04324,3.78723,1.77409,2.16575,0.00178616,0.00178616,0.00178616
110,313.82,2.02927,1.07747,1.11573,0.18905,0.19847,0.12842,0.04324,3.78723,1.77409,2.16575,0.00178418,0.00178418,0.00178418
111,316.282,1.80523,0.88639,0.96921,0.18905,0.19847,0.12842,0.04324,3.78723,1.77409,2.16575,0.0017822,0.0017822,0.0017822
112,318.894,1.74242,0.92494,1.02246,0.25921,0.22137,0.13586,0.0361,3.82875,1.67092,2.10742,0.00178022,0.00178022,0.00178022
113,321.328,2.15304,0.89372,1.00905,0.25921,0.22137,0.13586,0.0361,3.82875,1.67092,2.10742,0.00177824,0.00177824,0.00177824
114,323.738,1.77083,0.85574,1.05544,0.25921,0.22137,0.13586,0.0361,3.82875,1.67092,2.10742,0.00177626,0.00177626,0.00177626
115,326.072,1.99861,0.92691,1.04786,0.25921,0.22137,0.13586,0.0361,3.82875,1.67092,2.10742,0.00177428,0.00177428,0.00177428
116,328.507,1.774,0.84455,1.01632,0.2516,0.25191,0.12377,0.03604,3.81347,1.83683,2.05805,0.0017723,0.0017723,0.0017723
117,331.184,1.89095,0.8765,1.03032,0.2516,0.25191,0.12377,0.03604,3.81347,1.83683,2.05805,0.00177032,0.00177032,0.00177032
118,334.414,1.77186,0.89353,1.01734,0.2516,0.25191,0.12377,0.03604,3.81347,1.83683,2.05805,0.00176834,0.00176834,0.00176834
119,336.964,1.70041,0.92447,1.03571,0.2516,0.25191,0.12377,0.03604,3.81347,1.83683,2.05805,0.00176636,0.00176636,0.00176636
120,339.789,1.7049,0.82078,1.02277,0.24652,0.23664,0.13647,0.0435,3.79407,1.79163,1.86304,0.00176438,0.00176438,0.00176438
121,342.5,1.81706,0.88252,1.01283,0.24652,0.23664,0.13647,0.0435,3.79407,1.79163,1.86304,0.0017624,0.0017624,0.0017624
122,345.191,1.83861,0.93257,1.0176,0.24652,0.23664,0.13647,0.0435,3.79407,1.79163,1.86304,0.00176042,0.00176042,0.00176042
123,349.93,1.74863,0.87374,1.04602,0.24652,0.23664,0.13647,0.0435,3.79407,1.79163,1.86304,0.00175844,0.00175844,0.00175844
124,353.13,1.74875,0.75951,0.96377,0.23458,0.18321,0.11738,0.0322,3.81229,1.88521,1.86314,0.00175646,0.00175646,0.00175646
125,355.813,1.76259,0.92719,1.08959,0.23458,0.18321,0.11738,0.0322,3.81229,1.88521,1.86314,0.00175448,0.00175448,0.00175448
126,358.538,1.6563,0.82088,0.9864,0.23458,0.18321,0.11738,0.0322,3.81229,1.88521,1.86314,0.0017525,0.0017525,0.0017525
127,361.351,1.64292,0.78421,0.99453,0.23458,0.18321,0.11738,0.0322,3.81229,1.88521,1.86314,0.00175052,0.00175052,0.00175052
128,364.603,1.7248,0.83413,0.98832,0.23287,0.17557,0.11421,0.03053,3.89568,1.93534,1.83584,0.00174854,0.00174854,0.00174854
129,367.333,1.88275,0.7875,0.97838,0.23287,0.17557,0.11421,0.03053,3.89568,1.93534,1.83584,0.00174656,0.00174656,0.00174656
130,370.765,1.80162,0.78924,0.95919,0.23287,0.17557,0.11421,0.03053,3.89568,1.93534,1.83584,0.00174458,0.00174458,0.00174458
131,374.262,1.80558,0.80393,0.98885,0.23287,0.17557,0.11421,0.03053,3.89568,1.93534,1.83584,0.0017426,0.0017426,0.0017426
132,377.667,1.82144,0.7644,0.98302,0.23326,0.16031,0.10175,0.03453,3.74672,1.88369,1.73528,0.00174062,0.00174062,0.00174062
133,381.488,2.28666,0.82856,1.00321,0.23326,0.16031,0.10175,0.03453,3.74672,1.88369,1.73528,0.00173864,0.00173864,0.00173864
134,384.837,1.76602,0.77817,0.98212,0.23326,0.16031,0.10175,0.03453,3.74672,1.88369,1.73528,0.00173666,0.00173666,0.00173666
135,388.498,1.94696,0.85926,0.98973,0.23326,0.16031,0.10175,0.03453,3.74672,1.88369,1.73528,0.00173468,0.00173468,0.00173468
136,392.127,1.83129,0.94746,1.07118,0.22105,0.2058,0.11751,0.03777,3.67342,1.89836,1.7329,0.0017327,0.0017327,0.0017327
137,395.13,1.8154,0.90715,1.04277,0.22105,0.2058,0.11751,0.03777,3.67342,1.89836,1.7329,0.00173072,0.00173072,0.00173072
138,398.304,1.65963,0.75431,0.92342,0.22105,0.2058,0.11751,0.03777,3.67342,1.89836,1.7329,0.00172874,0.00172874,0.00172874
139,401.564,1.82189,0.90215,1.04219,0.22105,0.2058,0.11751,0.03777,3.67342,1.89836,1.7329,0.00172676,0.00172676,0.00172676
140,405.06,1.60743,0.82009,0.97594,0.2371,0.22901,0.12645,0.03843,3.56408,1.97908,1.69501,0.00172478,0.00172478,0.00172478
141,408.34,1.62851,0.85009,0.99295,0.2371,0.22901,0.12645,0.03843,3.56408,1.97908,1.69501,0.0017228,0.0017228,0.0017228
142,411.316,1.86208,0.8597,1.0092,0.2371,0.22901,0.12645,0.03843,3.56408,1.97908,1.69501,0.00172082,0.00172082,0.00172082
143,414.406,1.79849,0.89889,1.00969,0.2371,0.22901,0.12645,0.03843,3.56408,1.97908,1.69501,0.00171884,0.00171884,0.00171884
144,417.56,1.65018,0.84497,0.99342,0.25765,0.26718,0.15316,0.04565,3.62447,1.92693,1.81419,0.00171686,0.00171686,0.00171686
145,420.627,1.91465,0.96109,1.10297,0.25765,0.26718,0.15316,0.04565,3.62447,1.92693,1.81419,0.00171488,0.00171488,0.00171488
146,423.863,1.62719,0.75536,0.94508,0.25765,0.26718,0.15316,0.04565,3.62447,1.92693,1.81419,0.0017129,0.0017129,0.0017129
147,426.701,1.9288,0.93551,1.03032,0.25765,0.26718,0.15316,0.04565,3.62447,1.92693,1.81419,0.00171092,0.00171092,0.00171092
148,430.011,1.72237,0.8805,1.05067,0.28105,0.22137,0.14069,0.03748,3.65342,2.08329,1.83208,0.00170894,0.00170894,0.00170894
149,432.968,1.69025,0.85117,0.99785,0.28105,0.22137,0.14069,0.03748,3.65342,2.08329,1.83208,0.00170696,0.00170696,0.00170696
150,435.922,1.69655,0.83184,0.99469,0.28105,0.22137,0.14069,0.03748,3.65342,2.08329,1.83208,0.00170498,0.00170498,0.00170498
151,438.733,2.14134,0.84891,0.988,0.28105,0.22137,0.14069,0.03748,3.65342,2.08329,1.83208,0.001703,0.001703,0.001703
152,442.022,1.74968,0.89108,1.03075,0.2656,0.22901,0.12514,0.03623,3.73415,2.33932,1.85726,0.00170102,0.00170102,0.00170102
153,444.587,1.71992,0.83383,1.00639,0.2656,0.22901,0.12514,0.03623,3.73415,2.33932,1.85726,0.00169904,0.00169904,0.00169904
154,447.359,1.56035,0.85344,1.03966,0.2656,0.22901,0.12514,0.03623,3.73415,2.33932,1.85726,0.00169706,0.00169706,0.00169706
155,450.585,1.5279,0.76284,0.97471,0.2656,0.22901,0.12514,0.03623,3.73415,2.33932,1.85726,0.00169508,0.00169508,0.00169508
156,454.181,2.11211,0.83966,0.95888,0.25515,0.25954,0.15157,0.04246,3.62817,2.52411,1.7531,0.0016931,0.0016931,0.0016931
157,456.969,1.59563,0.82655,1.0044,0.25515,0.25954,0.15157,0.04246,3.62817,2.52411,1.7531,0.00169112,0.00169112,0.00169112
158,459.734,1.58414,0.81171,1.00501,0.25515,0.25954,0.15157,0.04246,3.62817,2.52411,1.7531,0.00168914,0.00168914,0.00168914
159,462.696,1.70197,0.6848,0.92893,0.25515,0.25954,0.15157,0.04246,3.62817,2.52411,1.7531,0.00168716,0.00168716,0.00168716
160,466.03,1.8639,0.8938,1.01861,0.20178,0.25191,0.09921,0.02038,4.28086,2.37647,1.58599,0.00168518,0.00168518,0.00168518
161,469.181,1.75686,0.8275,1.00782,0.20178,0.25191,0.09921,0.02038,4.28086,2.37647,1.58599,0.0016832,0.0016832,0.0016832
162,471.915,1.74899,0.90296,1.02828,0.20178,0.25191,0.09921,0.02038,4.28086,2.37647,1.58599,0.00168122,0.00168122,0.00168122
163,474.553,1.74204,0.85415,0.99957,0.20178,0.25191,0.09921,0.02038,4.28086,2.37647,1.58599,0.00167924,0.00167924,0.00167924
164,477.783,1.90245,0.82969,0.97368,0.23568,0.27481,0.1189,0.03752,3.77325,2.5451,1.50137,0.00167726,0.00167726,0.00167726
165,480.55,2.18559,1.32074,1.06936,0.23568,0.27481,0.1189,0.03752,3.77325,2.5451,1.50137,0.00167528,0.00167528,0.00167528
166,483.592,1.65437,0.81427,0.97081,0.23568,0.27481,0.1189,0.03752,3.77325,2.5451,1.50137,0.0016733,0.0016733,0.0016733
167,486.577,1.60179,0.79069,0.94906,0.23568,0.27481,0.1189,0.03752,3.77325,2.5451,1.50137,0.00167132,0.00167132,0.00167132
168,491.301,1.77543,0.90057,0.99884,0.21518,0.19847,0.1054,0.02941,4.17554,1.99438,1.55454,0.00166934,0.00166934,0.00166934
169,493.98,1.86345,0.86488,0.96479,0.21518,0.19847,0.1054,0.02941,4.17554,1.99438,1.55454,0.00166736,0.00166736,0.00166736
170,496.914,1.7748,0.86473,1.01737,0.21518,0.19847,0.1054,0.02941,4.17554,1.99438,1.55454,0.00166538,0.00166538,0.00166538
171,499.691,1.78738,0.87632,1.01457,0.21518,0.19847,0.1054,0.02941,4.17554,1.99438,1.55454,0.0016634,0.0016634,0.0016634
172,502.389,1.64117,0.8197,0.99957,0.11465,0.0687,0.02645,0.00564,5.04443,1.97619,1.44511,0.00166142,0.00166142,0.00166142
173,505.015,1.73748,0.83948,0.97265,0.11465,0.0687,0.02645,0.00564,5.04443,1.97619,1.44511,0.00165944,0.00165944,0.00165944
174,507.816,1.57489,0.82973,0.97473,0.11465,0.0687,0.02645,0.00564,5.04443,1.97619,1.44511,0.00165746,0.00165746,0.00165746
175,510.453,1.74598,0.93835,1.01176,0.11465,0.0687,0.02645,0.00564,5.04443,1.97619,1.44511,0.00165548,0.00165548,0.00165548
176,513.366,1.77483,0.79268,0.92023,0.11465,0.0687,0.02645,0.00564,5.74244,2.06071,1.38173,0.0016535,0.0016535,0.0016535
177,515.851,1.74059,0.88454,0.98447,0.11465,0.0687,0.02645,0.00564,5.74244,2.06071,1.38173,0.00165152,0.00165152,0.00165152
178,518.565,1.67899,0.79673,0.93146,0.11465,0.0687,0.02645,0.00564,5.74244,2.06071,1.38173,0.00164954,0.00164954,0.00164954
179,521.141,1.58268,0.85055,0.97891,0.11465,0.0687,0.02645,0.00564,5.74244,2.06071,1.38173,0.00164756,0.00164756,0.00164756
180,523.993,1.78799,0.83442,0.97192,0.11465,0.0687,0.02645,0.00564,6.80377,2.4665,1.5683,0.00164558,0.00164558,0.00164558
181,526.608,1.84892,0.83662,0.98704,0.11465,0.0687,0.02645,0.00564,6.80377,2.4665,1.5683,0.0016436,0.0016436,0.0016436
182,529.197,1.73107,0.86506,0.9821,0.11465,0.0687,0.02645,0.00564,6.80377,2.4665,1.5683,0.00164162,0.00164162,0.00164162
183,531.861,1.69226,0.7722,0.95641,0.11465,0.0687,0.02645,0.00564,6.80377,2.4665,1.5683,0.00163964,0.00163964,0.00163964
184,534.889,1.71133,0.86876,1.02399,0.11465,0.0687,0.02645,0.00564,6.73515,2.78369,2.03542,0.00163766,0.00163766,0.00163766
185,537.41,1.68402,0.73977,0.93049,0.11465,0.0687,0.02645,0.00564,6.73515,2.78369,2.03542,0.00163568,0.00163568,0.00163568
186,540.002,1.70918,0.86038,0.96096,0.11465,0.0687,0.02645,0.00564,6.73515,2.78369,2.03542,0.0016337,0.0016337,0.0016337
187,542.726,1.82335,0.94697,1.03487,0.11465,0.0687,0.02645,0.00564,6.73515,2.78369,2.03542,0.00163172,0.00163172,0.00163172
188,545.526,1.57008,0.74148,0.93909,0.26909,0.0916,0.06739,0.01524,4.70537,2.07837,1.72269,0.00162974,0.00162974,0.00162974
189,548.071,1.85096,1.00447,1.00814,0.26909,0.0916,0.06739,0.01524,4.70537,2.07837,1.72269,0.00162776,0.00162776,0.00162776
190,550.922,1.74033,0.76772,0.95121,0.26909,0.0916,0.06739,0.01524,4.70537,2.07837,1.72269,0.00162578,0.00162578,0.00162578
191,553.473,1.64872,0.81113,0.94256,0.26909,0.0916,0.06739,0.01524,4.70537,2.07837,1.72269,0.0016238,0.0016238,0.0016238
192,556.346,1.97209,0.95471,1.03352,0.30201,0.22901,0.16183,0.0488,3.81775,1.85913,1.61961,0.00162182,0.00162182,0.00162182
193,559.321,1.66725,0.7195,0.93369,0.30201,0.22901,0.16183,0.0488,3.81775,1.85913,1.61961,0.00161984,0.00161984,0.00161984
194,561.964,1.74032,0.85903,1.02946,0.30201,0.22901,0.16183,0.0488,3.81775,1.85913,1.61961,0.00161786,0.00161786,0.00161786
195,564.876,1.77403,0.90433,1.00921,0.30201,0.22901,0.16183,0.0488,3.81775,1.85913,1.61961,0.00161588,0.00161588,0.00161588
196,567.89,1.68672,0.83824,0.96606,0.29374,0.24427,0.17458,0.0512,3.60944,2.05926,1.58528,0.0016139,0.0016139,0.0016139
197,570.549,1.86635,0.88505,0.98453,0.29374,0.24427,0.17458,0.0512,3.60944,2.05926,1.58528,0.00161192,0.00161192,0.00161192
198,573.265,1.58201,0.75795,0.952,0.29374,0.24427,0.17458,0.0512,3.60944,2.05926,1.58528,0.00160994,0.00160994,0.00160994
199,576.058,1.71268,0.84176,0.98825,0.29374,0.24427,0.17458,0.0512,3.60944,2.05926,1.58528,0.00160796,0.00160796,0.00160796
200,579.39,1.78506,0.76912,0.95926,0.23654,0.26718,0.17454,0.05794,3.47342,2.11709,1.53425,0.00160598,0.00160598,0.00160598
201,583.092,2.0369,1.06072,1.03823,0.23654,0.26718,0.17454,0.05794,3.47342,2.11709,1.53425,0.001604,0.001604,0.001604
202,585.719,1.68092,0.7371,0.94279,0.23654,0.26718,0.17454,0.05794,3.47342,2.11709,1.53425,0.00160202,0.00160202,0.00160202
203,588.493,1.81808,0.84313,1.05334,0.23654,0.26718,0.17454,0.05794,3.47342,2.11709,1.53425,0.00160004,0.00160004,0.00160004
204,591.54,1.72111,0.84259,0.99277,0.27815,0.29771,0.17633,0.05201,3.41478,2.07712,1.45145,0.00159806,0.00159806,0.00159806
205,594.455,1.89645,0.80206,0.95867,0.27815,0.29771,0.17633,0.05201,3.41478,2.07712,1.45145,0.00159608,0.00159608,0.00159608
206,597.28,1.88352,0.76972,0.93146,0.27815,0.29771,0.17633,0.05201,3.41478,2.07712,1.45145,0.0015941,0.0015941,0.0015941
207,600.222,1.84022,0.88226,1.0219,0.27815,0.29771,0.17633,0.05201,3.41478,2.07712,1.45145,0.00159212,0.00159212,0.00159212
208,603.206,1.91678,0.84706,0.98173,0.26519,0.27481,0.16609,0.0465,3.47031,2.10384,1.46523,0.00159014,0.00159014,0.00159014
209,606.04,1.85716,0.84026,0.97527,0.26519,0.27481,0.16609,0.0465,3.47031,2.10384,1.46523,0.00158816,0.00158816,0.00158816
210,608.958,1.62844,0.8289,1.00496,0.26519,0.27481,0.16609,0.0465,3.47031,2.10384,1.46523,0.00158618,0.00158618,0.00158618
211,612.048,1.73315,0.77643,0.96767,0.26519,0.27481,0.16609,0.0465,3.47031,2.10384,1.46523,0.0015842,0.0015842,0.0015842
212,615.212,1.99718,0.99556,1.13907,0.24521,0.26718,0.14823,0.04955,3.49943,1.9228,1.50389,0.00158222,0.00158222,0.00158222
213,618.01,1.68488,0.79578,0.9515,0.24521,0.26718,0.14823,0.04955,3.49943,1.9228,1.50389,0.00158024,0.00158024,0.00158024
214,620.854,1.61344,0.83364,0.96037,0.24521,0.26718,0.14823,0.04955,3.49943,1.9228,1.50389,0.00157826,0.00157826,0.00157826
215,623.656,1.74763,0.88097,1.00411,0.24521,0.26718,0.14823,0.04955,3.49943,1.9228,1.50389,0.00157628,0.00157628,0.00157628
216,626.66,1.69248,0.94171,1.02344,0.24322,0.29771,0.15684,0.05011,3.52732,1.77534,1.48805,0.0015743,0.0015743,0.0015743
217,629.553,1.62279,0.85001,1.01534,0.24322,0.29771,0.15684,0.05011,3.52732,1.77534,1.48805,0.00157232,0.00157232,0.00157232
218,632.449,1.79835,0.95779,1.00856,0.24322,0.29771,0.15684,0.05011,3.52732,1.77534,1.48805,0.00157034,0.00157034,0.00157034
219,635.38,1.58788,0.82585,0.98537,0.24322,0.29771,0.15684,0.05011,3.52732,1.77534,1.48805,0.00156836,0.00156836,0.00156836
220,638.435,1.79021,0.91564,1.05118,0.24025,0.25829,0.14281,0.04571,3.57423,1.73511,1.54246,0.00156638,0.00156638,0.00156638
221,642.056,1.62035,0.85246,1.00497,0.24025,0.25829,0.14281,0.04571,3.57423,1.73511,1.54246,0.0015644,0.0015644,0.0015644
222,645.44,1.63437,0.83141,0.94546,0.24025,0.25829,0.14281,0.04571,3.57423,1.73511,1.54246,0.00156242,0.00156242,0.00156242
223,648.39,1.75121,0.79511,0.95714,0.24025,0.25829,0.14281,0.04571,3.57423,1.73511,1.54246,0.00156044,0.00156044,0.00156044
224,651.732,1.58503,0.86532,1.03537,0.25124,0.23664,0.13551,0.03896,3.75096,1.78075,1.64214,0.00155846,0.00155846,0.00155846
225,654.647,1.65286,0.7689,0.95391,0.25124,0.23664,0.13551,0.03896,3.75096,1.78075,1.64214,0.00155648,0.00155648,0.00155648
226,657.769,1.62735,0.79221,1.00085,0.25124,0.23664,0.13551,0.03896,3.75096,1.78075,1.64214,0.0015545,0.0015545,0.0015545
227,661.187,1.94667,0.87727,0.99269,0.25124,0.23664,0.13551,0.03896,3.75096,1.78075,1.64214,0.00155252,0.00155252,0.00155252
228,664.824,1.83993,0.85859,0.996,0.24503,0.23664,0.12528,0.0368,3.73798,1.87584,1.64018,0.00155054,0.00155054,0.00155054
229,668.106,1.85763,0.89613,1.04447,0.24503,0.23664,0.12528,0.0368,3.73798,1.87584,1.64018,0.00154856,0.00154856,0.00154856
230,671.353,1.60733,0.789,1.03399,0.24503,0.23664,0.12528,0.0368,3.73798,1.87584,1.64018,0.00154658,0.00154658,0.00154658
231,674.677,1.8192,0.81882,0.97393,0.24503,0.23664,0.12528,0.0368,3.73798,1.87584,1.64018,0.0015446,0.0015446,0.0015446
232,678.198,1.79904,0.74151,0.94844,0.2434,0.27481,0.14912,0.04663,3.60683,1.92696,1.5795,0.00154262,0.00154262,0.00154262
233,681.302,1.55461,0.72635,0.96454,0.2434,0.27481,0.14912,0.04663,3.60683,1.92696,1.5795,0.00154064,0.00154064,0.00154064
234,684.479,1.74369,0.81184,0.98338,0.2434,0.27481,0.14912,0.04663,3.60683,1.92696,1.5795,0.00153866,0.00153866,0.00153866
235,687.544,1.57745,0.85407,0.98766,0.2434,0.27481,0.14912,0.04663,3.60683,1.92696,1.5795,0.00153668,0.00153668,0.00153668
236,690.845,1.77536,0.90703,1.07443,0.23375,0.28244,0.15169,0.05051,3.4863,2.09114,1.54341,0.0015347,0.0015347,0.0015347
237,693.957,2.12168,1.16802,1.15363,0.23375,0.28244,0.15169,0.05051,3.4863,2.09114,1.54341,0.00153272,0.00153272,0.00153272
238,697.027,1.50953,0.79746,0.94987,0.23375,0.28244,0.15169,0.05051,3.4863,2.09114,1.54341,0.00153074,0.00153074,0.00153074
239,700.538,1.71563,0.78515,0.94309,0.23375,0.28244,0.15169,0.05051,3.4863,2.09114,1.54341,0.00152876,0.00152876,0.00152876
240,703.995,1.56942,0.76113,0.96282,0.22573,0.27481,0.16298,0.05131,3.43436,2.07524,1.51046,0.00152678,0.00152678,0.00152678
241,707.221,1.63827,0.84451,0.97535,0.22573,0.27481,0.16298,0.05131,3.43436,2.07524,1.51046,0.0015248,0.0015248,0.0015248
242,710.517,1.71469,0.76588,0.9362,0.22573,0.27481,0.16298,0.05131,3.43436,2.07524,1.51046,0.00152282,0.00152282,0.00152282
243,713.833,1.70764,0.79842,0.94631,0.22573,0.27481,0.16298,0.05131,3.43436,2.07524,1.51046,0.00152084,0.00152084,0.00152084
244,717.04,1.61173,0.81075,0.98133,0.2532,0.29008,0.16513,0.04753,3.47281,2.08839,1.50858,0.00151886,0.00151886,0.00151886
245,720.291,1.59626,0.73856,0.94094,0.2532,0.29008,0.16513,0.04753,3.47281,2.08839,1.50858,0.00151688,0.00151688,0.00151688
246,723.775,1.68432,0.77615,0.95273,0.2532,0.29008,0.16513,0.04753,3.47281,2.08839,1.50858,0.0015149,0.0015149,0.0015149
247,726.974,1.67204,0.78846,0.92773,0.2532,0.29008,0.16513,0.04753,3.47281,2.08839,1.50858,0.00151292,0.00151292,0.00151292
248,730.893,1.62046,0.81574,1.0104,0.26512,0.29193,0.16633,0.04613,3.4804,2.08334,1.51749,0.00151094,0.00151094,0.00151094
249,734.108,1.66552,0.84462,0.98091,0.26512,0.29193,0.16633,0.04613,3.4804,2.08334,1.51749,0.00150896,0.00150896,0.00150896
250,737.304,1.55806,0.71477,0.93731,0.26512,0.29193,0.16633,0.04613,3.4804,2.08334,1.51749,0.00150698,0.00150698,0.00150698
251,740.592,1.53562,0.80191,0.94896,0.26512,0.29193,0.16633,0.04613,3.4804,2.08334,1.51749,0.001505,0.001505,0.001505
252,743.958,1.66521,0.87149,1.01836,0.20802,0.29008,0.15522,0.05326,3.4496,2.00156,1.52859,0.00150302,0.00150302,0.00150302
253,747.083,1.70652,0.74395,0.93922,0.20802,0.29008,0.15522,0.05326,3.4496,2.00156,1.52859,0.00150104,0.00150104,0.00150104
254,750.469,1.47675,0.75212,0.93798,0.20802,0.29008,0.15522,0.05326,3.4496,2.00156,1.52859,0.00149906,0.00149906,0.00149906
255,753.938,1.84711,0.90703,0.99011,0.20802,0.29008,0.15522,0.05326,3.4496,2.00156,1.52859,0.00149708,0.00149708,0.00149708
256,758.439,1.5313,0.79182,0.97267,0.2323,0.34351,0.17384,0.05773,3.43753,1.98557,1.52961,0.0014951,0.0014951,0.0014951
257,762.201,1.71007,0.89509,1.03216,0.2323,0.34351,0.17384,0.05773,3.43753,1.98557,1.52961,0.00149312,0.00149312,0.00149312
258,765.705,1.68988,0.82513,0.96834,0.2323,0.34351,0.17384,0.05773,3.43753,1.98557,1.52961,0.00149114,0.00149114,0.00149114
259,768.825,1.6695,0.88648,1.01119,0.2323,0.34351,0.17384,0.05773,3.43753,1.98557,1.52961,0.00148916,0.00148916,0.00148916
260,773.309,1.75292,0.93946,1.02637,0.24388,0.29771,0.14144,0.04972,3.46143,1.9755,1.52343,0.00148718,0.00148718,0.00148718
261,777.295,1.4643,0.76023,0.92775,0.24388,0.29771,0.14144,0.04972,3.46143,1.9755,1.52343,0.0014852,0.0014852,0.0014852
262,781.854,1.71998,0.87651,0.9904,0.24388,0.29771,0.14144,0.04972,3.46143,1.9755,1.52343,0.00148322,0.00148322,0.00148322
263,785.61,1.56901,0.78509,0.95352,0.24388,0.29771,0.14144,0.04972,3.46143,1.9755,1.52343,0.00148124,0.00148124,0.00148124
264,789.231,1.63143,0.80215,0.94617,0.22738,0.31298,0.14965,0.04544,3.51604,2.02145,1.54729,0.00147926,0.00147926,0.00147926
265,793.226,1.8174,0.7463,0.94347,0.22738,0.31298,0.14965,0.04544,3.51604,2.02145,1.54729,0.00147728,0.00147728,0.00147728
266,797.54,1.55781,0.72949,0.9341,0.22738,0.31298,0.14965,0.04544,3.51604,2.02145,1.54729,0.0014753,0.0014753,0.0014753
267,801.133,1.57442,0.7555,0.9517,0.22738,0.31298,0.14965,0.04544,3.51604,2.02145,1.54729,0.00147332,0.00147332,0.00147332
268,804.676,1.8605,0.93374,1.00272,0.23654,0.27481,0.14826,0.04786,3.52129,2.07158,1.55323,0.00147134,0.00147134,0.00147134
269,808.036,1.57984,0.72086,0.92465,0.23654,0.27481,0.14826,0.04786,3.52129,2.07158,1.55323,0.00146936,0.00146936,0.00146936
270,811.34,1.65939,0.81805,0.95929,0.23654,0.27481,0.14826,0.04786,3.52129,2.07158,1.55323,0.00146738,0.00146738,0.00146738
271,814.684,1.47092,0.75825,0.98832,0.23654,0.27481,0.14826,0.04786,3.52129,2.07158,1.55323,0.0014654,0.0014654,0.0014654
272,818.552,1.47495,0.77168,0.94224,0.20862,0.31298,0.14608,0.04997,3.52038,2.23472,1.50874,0.00146342,0.00146342,0.00146342
273,823.131,1.57993,0.70597,0.91746,0.20862,0.31298,0.14608,0.04997,3.52038,2.23472,1.50874,0.00146144,0.00146144,0.00146144
274,827.147,1.67947,0.7838,0.93891,0.20862,0.31298,0.14608,0.04997,3.52038,2.23472,1.50874,0.00145946,0.00145946,0.00145946
275,830.89,1.74204,0.82045,0.9787,0.20862,0.31298,0.14608,0.04997,3.52038,2.23472,1.50874,0.00145748,0.00145748,0.00145748
276,834.798,1.59781,0.7505,0.94295,0.21299,0.32061,0.14949,0.05064,3.49338,2.36024,1.51247,0.0014555,0.0014555,0.0014555
277,838.002,1.58718,0.83066,0.98823,0.21299,0.32061,0.14949,0.05064,3.49338,2.36024,1.51247,0.00145352,0.00145352,0.00145352
278,841.532,1.55132,0.77505,0.96027,0.21299,0.32061,0.14949,0.05064,3.49338,2.36024,1.51247,0.00145154,0.00145154,0.00145154
279,845.126,1.77041,0.91371,1.02195,0.21299,0.32061,0.14949,0.05064,3.49338,2.36024,1.51247,0.00144956,0.00144956,0.00144956
280,848.953,1.64267,0.8046,0.94385,0.24959,0.25191,0.14944,0.04771,3.49725,2.25935,1.52187,0.00144758,0.00144758,0.00144758
281,852.668,1.53942,0.74697,0.9125,0.24959,0.25191,0.14944,0.04771,3.49725,2.25935,1.52187,0.0014456,0.0014456,0.0014456
282,856.014,1.50581,0.73322,0.91362,0.24959,0.25191,0.14944,0.04771,3.49725,2.25935,1.52187,0.00144362,0.00144362,0.00144362
283,859.565,1.59633,0.77577,0.96375,0.24959,0.25191,0.14944,0.04771,3.49725,2.25935,1.52187,0.00144164,0.00144164,0.00144164
284,863.406,1.49874,0.82826,0.9789,0.22063,0.29771,0.1453,0.04169,3.62132,2.00186,1.53958,0.00143966,0.00143966,0.00143966
285,866.816,1.55596,0.75303,0.96073,0.22063,0.29771,0.1453,0.04169,3.62132,2.00186,1.53958,0.00143768,0.00143768,0.00143768
286,870.657,1.74411,0.82259,0.95134,0.22063,0.29771,0.1453,0.04169,3.62132,2.00186,1.53958,0.0014357,0.0014357,0.0014357
287,875.037,1.69674,0.83248,1.0014,0.22063,0.29771,0.1453,0.04169,3.62132,2.00186,1.53958,0.00143372,0.00143372,0.00143372
288,879.534,1.61383,0.73461,0.91797,0.21876,0.29771,0.14209,0.04351,3.59396,1.80159,1.5108,0.00143174,0.00143174,0.00143174
289,883.32,1.61187,0.79865,0.97554,0.21876,0.29771,0.14209,0.04351,3.59396,1.80159,1.5108,0.00142976,0.00142976,0.00142976
290,887.271,1.67335,0.84556,0.96092,0.21876,0.29771,0.14209,0.04351,3.59396,1.80159,1.5108,0.00142778,0.00142778,0.00142778
291,890.983,1.55361,0.80433,0.97973,0.21876,0.29771,0.14209,0.04351,3.59396,1.80159,1.5108,0.0014258,0.0014258,0.0014258
292,895.295,1.69651,0.84003,0.95192,0.20398,0.29733,0.14367,0.05038,3.50406,1.72855,1.48739,0.00142382,0.00142382,0.00142382
293,899.054,1.73071,0.75732,0.93464,0.20398,0.29733,0.14367,0.05038,3.50406,1.72855,1.48739,0.00142184,0.00142184,0.00142184
294,903.026,1.5449,0.76233,0.96395,0.20398,0.29733,0.14367,0.05038,3.50406,1.72855,1.48739,0.00141986,0.00141986,0.00141986
295,907.002,1.49961,0.77089,0.97549,0.20398,0.29733,0.14367,0.05038,3.50406,1.72855,1.48739,0.00141788,0.00141788,0.00141788
296,911.332,1.7776,0.83757,0.97255,0.20703,0.29008,0.15546,0.05587,3.48713,1.70073,1.48825,0.0014159,0.0014159,0.0014159
297,914.786,1.53481,0.75387,0.97069,0.20703,0.29008,0.15546,0.05587,3.48713,1.70073,1.48825,0.00141392,0.00141392,0.00141392
298,918.41,1.71375,0.80972,1.0468,0.20703,0.29008,0.15546,0.05587,3.48713,1.70073,1.48825,0.00141194,0.00141194,0.00141194
299,922.347,1.74789,0.82192,1.01699,0.20703,0.29008,0.15546,0.05587,3.48713,1.70073,1.48825,0.00140996,0.00140996,0.00140996
300,926.179,1.66202,0.84295,0.97208,0.30004,0.25954,0.17117,0.04972,3.50118,1.73517,1.48093,0.00140798,0.00140798,0.00140798
301,929.857,1.52854,0.7359,0.92879,0.30004,0.25954,0.17117,0.04972,3.50118,1.73517,1.48093,0.001406,0.001406,0.001406
302,934.417,1.55812,0.82127,0.97914,0.30004,0.25954,0.17117,0.04972,3.50118,1.73517,1.48093,0.00140402,0.00140402,0.00140402
303,938.638,1.58514,0.74113,0.92984,0.30004,0.25954,0.17117,0.04972,3.50118,1.73517,1.48093,0.00140204,0.00140204,0.00140204
